AAA,BBB,21.12.1978
AAA,BBB,22.12.2020
AAA,BBB,5.05.1954
AAA,BBB,30.01.1983
AAA,BBB,4.06.1943
AAA,BBB,21.03.1969
AAA,BBB,24.02.1970
AAA,BBB,11.05.2021
AAA,BBB,19.06.1987
AAA,BBB,21.08.1951
AAA,BBB,6.11.1963
AAA,BBB,22.07.1940
AAA,BBB,8.05.1952
AAA,BBB,11.07.1943
AAA,BBB,29.08.1953
AAA,BBB,15.11.1933
AAA,BBB,29.03.1948
AAA,BBB,30.05.1980
AAA,BBB,8.03.1950
AAA,BBB,16.06.1950
AAA,BBB,19.01.2008
AAA,BBB,5.01.2010
AAA,BBB,13.11.2013
AAA,BBB,20.02.1928
AAA,BBB,22.09.1929
AAA,BBB,22.08.1932
AAA,BBB,27.04.1933
AAA,BBB,17.12.2007
AAA,BBB,24.05.1955
AAA,BBB,9.08.1944
AAA,BBB,25.03.1938
AAA,BBB,12.08.1954
AAA,BBB,19.10.1938
AAA,BBB,24.06.1977
AAA,BBB,5.11.2013
AAA,BBB,27.08.1949
AAA,BBB,25.08.2021
AAA,BBB,16.11.1945
AAA,BBB,15.09.1927
AAA,BBB,29.10.1947
AAA,BBB,4.07.1984
AAA,BBB,27.03.1989
AAA,BBB,28.04.1949
AAA,BBB,29.10.1921
AAA,BBB,7.08.1979
AAA,BBB,23.11.1941
AAA,BBB,9.03.1922
AAA,BBB,21.01.1944
AAA,BBB,29.02.1984
AAA,BBB,7.03.1923
AAA,BBB,13.09.1985
AAA,BBB,23.01.2020
AAA,BBB,5.11.1963
AAA,BBB,8.06.1927
AAA,BBB,7.04.1951
AAA,BBB,18.12.1934
AAA,BBB,6.02.1923
AAA,BBB,17.07.1985
AAA,BBB,21.05.1951
AAA,BBB,14.09.1977
AAA,BBB,4.05.2022
AAA,BBB,23.02.1955
AAA,BBB,11.04.1943
AAA,BBB,28.01.1997
AAA,BBB,4.09.2017
AAA,BBB,2.09.1978
AAA,BBB,29.08.2013
AAA,BBB,10.09.1975
AAA,BBB,10.02.1956
AAA,BBB,13.06.1987
AAA,BBB,22.11.1976
AAA,BBB,21.03.1949
AAA,BBB,19.01.2006
AAA,BBB,3.12.2008
AAA,BBB,16.07.1963
AAA,BBB,28.05.2002
AAA,BBB,21.11.1965
AAA,BBB,2.07.1971
AAA,BBB,27.01.1933
AAA,BBB,3.03.1990
AAA,BBB,14.06.1940
AAA,BBB,30.12.1962
AAA,BBB,30.09.1937
AAA,BBB,14.12.1940
AAA,BBB,1.04.1965
AAA,BBB,26.07.2018
AAA,BBB,21.03.1964
AAA,BBB,18.04.1947
AAA,BBB,13.04.2011
AAA,BBB,20.09.2005
AAA,BBB,2.01.1966
AAA,BBB,6.11.1995
AAA,BBB,8.05.1956
AAA,BBB,21.08.2012
AAA,BBB,20.09.1972
AAA,BBB,8.07.1969
AAA,BBB,21.02.1976
AAA,BBB,24.01.2019
AAA,BBB,7.02.1970
AAA,BBB,22.06.1920
AAA,BBB,2.05.1928
AAA,BBB,27.07.1937
AAA,BBB,29.03.1944
AAA,BBB,24.04.1989
AAA,BBB,22.02.1980
AAA,BBB,3.02.2004
AAA,BBB,14.03.1960
AAA,BBB,11.06.1998
AAA,BBB,31.10.2021
AAA,BBB,7.11.1946
AAA,BBB,15.10.1987
AAA,BBB,18.01.1988
AAA,BBB,22.02.1923
AAA,BBB,9.02.1943
AAA,BBB,31.10.2015
AAA,BBB,4.12.1955
AAA,BBB,9.03.2000
AAA,BBB,31.01.2005
AAA,BBB,22.04.2006
AAA,BBB,3.09.2018
AAA,BBB,10.12.1920
AAA,BBB,8.11.1992
AAA,BBB,7.11.1967
AAA,BBB,5.06.1947
AAA,BBB,13.12.1948
AAA,BBB,17.06.1961
AAA,BBB,1.06.1948
AAA,BBB,1.05.1961
AAA,BBB,20.09.2015
AAA,BBB,28.03.1927
AAA,BBB,13.08.1938
AAA,BBB,11.10.1949
AAA,BBB,12.10.2010
AAA,BBB,9.04.1992
AAA,BBB,10.01.2009
AAA,BBB,25.05.1975
AAA,BBB,8.04.2021
AAA,BBB,29.03.2005
AAA,BBB,9.06.1992
AAA,BBB,1.12.2001
AAA,BBB,9.01.1946
AAA,BBB,11.04.1976
AAA,BBB,5.06.1984
AAA,BBB,15.10.1961
AAA,BBB,26.08.1989
AAA,BBB,25.10.1961
AAA,BBB,25.01.2022
AAA,BBB,24.08.1986
AAA,BBB,4.07.1977
AAA,BBB,15.01.1979
AAA,BBB,14.04.1990
AAA,BBB,10.04.1971
AAA,BBB,7.12.1959
AAA,BBB,23.07.1935
AAA,BBB,11.01.1948
AAA,BBB,2.02.2018
AAA,BBB,6.05.1963
AAA,BBB,25.11.1929
AAA,BBB,5.08.1933
AAA,BBB,11.02.1967
AAA,BBB,24.06.2011
AAA,BBB,29.01.1995
AAA,BBB,24.07.1999
AAA,BBB,1.10.2007
AAA,BBB,11.03.2022
AAA,BBB,3.07.1971
AAA,BBB,25.08.2006
AAA,BBB,11.01.1989
AAA,BBB,21.08.2015
AAA,BBB,25.12.2012
AAA,BBB,4.12.1976
AAA,BBB,5.12.1953
AAA,BBB,3.03.1929
AAA,BBB,4.02.1946
AAA,BBB,6.03.1980
AAA,BBB,19.03.1922
AAA,BBB,17.08.1925
AAA,BBB,21.11.1991
AAA,BBB,27.10.2016
AAA,BBB,29.03.1934
AAA,BBB,26.12.2005
AAA,BBB,26.05.1940
AAA,BBB,20.02.1926
AAA,BBB,13.03.1963
AAA,BBB,10.05.2018
AAA,BBB,31.10.1985
AAA,BBB,6.03.1947
AAA,BBB,1.03.2019
AAA,BBB,12.09.1986
AAA,BBB,16.01.1982
AAA,BBB,25.02.1980
AAA,BBB,6.05.1999
AAA,BBB,1.12.1922
AAA,BBB,4.04.1929
AAA,BBB,5.04.1954
AAA,BBB,31.08.1998
AAA,BBB,4.02.1955
AAA,BBB,13.04.1926
AAA,BBB,16.06.1995
AAA,BBB,27.06.1994
AAA,BBB,2.06.1942
AAA,BBB,22.01.1980
AAA,BBB,15.02.1943
AAA,BBB,24.03.2013
AAA,BBB,18.04.1974
AAA,BBB,12.12.1949
AAA,BBB,25.07.1990
AAA,BBB,21.01.2001
AAA,BBB,5.09.2020
AAA,BBB,21.07.1933
AAA,BBB,22.10.1939
AAA,BBB,29.03.2010
AAA,BBB,29.10.1977
AAA,BBB,27.06.1981
AAA,BBB,20.10.2021
AAA,BBB,28.11.1958
AAA,BBB,26.05.1942
AAA,BBB,17.10.1993
AAA,BBB,10.05.1925
AAA,BBB,9.09.1982
AAA,BBB,9.04.1948
AAA,BBB,18.09.2007
AAA,BBB,13.01.1937
AAA,BBB,22.09.1989
AAA,BBB,13.08.1925
AAA,BBB,5.08.1982
AAA,BBB,13.11.1930
AAA,BBB,9.11.2013
AAA,BBB,12.07.2016
AAA,BBB,2.08.1938
AAA,BBB,4.08.1965
AAA,BBB,29.03.1942
AAA,BBB,21.03.1973
AAA,BBB,11.03.1954
AAA,BBB,12.02.1977
AAA,BBB,16.01.1928
AAA,BBB,26.11.1921
AAA,BBB,22.11.1953
AAA,BBB,25.07.1934
AAA,BBB,28.09.1927
AAA,BBB,10.03.1939
AAA,BBB,3.05.2008
AAA,BBB,9.07.1939
AAA,BBB,27.04.1997
AAA,BBB,17.11.1966
AAA,BBB,26.05.1992
AAA,BBB,11.06.1938
AAA,BBB,11.11.1990
AAA,BBB,13.03.2010
AAA,BBB,28.11.1920
AAA,BBB,17.04.1930
AAA,BBB,24.09.2007
AAA,BBB,21.07.1981
AAA,BBB,24.02.1951
AAA,BBB,8.01.1944
AAA,BBB,1.05.1983
AAA,BBB,17.02.1927
AAA,BBB,24.04.2005
AAA,BBB,4.02.1934
AAA,BBB,11.11.1961
AAA,BBB,26.11.1970
AAA,BBB,18.08.2005
AAA,BBB,24.07.2008
AAA,BBB,3.04.1939
AAA,BBB,11.04.1975
AAA,BBB,2.11.1923
AAA,BBB,2.04.1934
AAA,BBB,8.09.1968
AAA,BBB,30.10.1985
AAA,BBB,27.10.2022
AAA,BBB,6.10.1994
AAA,BBB,12.07.2022
AAA,BBB,22.02.1953
AAA,BBB,12.06.1938
AAA,BBB,23.09.1981
AAA,BBB,29.10.2006
AAA,BBB,24.02.1940
AAA,BBB,22.04.1988
AAA,BBB,2.06.1957
AAA,BBB,13.12.1937
AAA,BBB,12.12.1979
AAA,BBB,9.04.1926
AAA,BBB,27.02.1965
AAA,BBB,23.10.1973
AAA,BBB,22.04.1945
AAA,BBB,31.08.2021
AAA,BBB,4.12.1996
AAA,BBB,16.07.2008
AAA,BBB,31.03.1944
AAA,BBB,5.10.1986
AAA,BBB,15.03.1962
AAA,BBB,3.12.1920
AAA,BBB,2.05.2021
AAA,BBB,24.03.1946
AAA,BBB,10.01.1985
AAA,BBB,13.01.2022
AAA,BBB,12.02.1996
AAA,BBB,20.09.1964
AAA,BBB,3.06.2009
AAA,BBB,25.10.1941
AAA,BBB,23.06.1941
AAA,BBB,9.08.1952
AAA,BBB,24.10.1998
AAA,BBB,10.10.1985
AAA,BBB,28.12.1951
AAA,BBB,17.06.1947
AAA,BBB,17.02.1988
AAA,BBB,22.01.2012
AAA,BBB,3.07.1946
AAA,BBB,28.06.1932
AAA,BBB,28.12.1945
AAA,BBB,5.08.2013
AAA,BBB,28.07.2008
AAA,BBB,3.05.1939
AAA,BBB,5.11.1933
AAA,BBB,28.04.1951
AAA,BBB,26.04.1923
AAA,BBB,31.01.1950
AAA,BBB,22.08.2010
AAA,BBB,28.02.1947
AAA,BBB,9.12.1933
AAA,BBB,23.03.1928
AAA,BBB,7.04.1980
AAA,BBB,8.04.1964
AAA,BBB,1.04.1934
AAA,BBB,5.03.1956
AAA,BBB,14.01.1959
AAA,BBB,29.03.1931
AAA,BBB,17.04.1938
AAA,BBB,23.07.1963
AAA,BBB,17.09.1998
AAA,BBB,12.04.1942
AAA,BBB,22.06.1963
AAA,BBB,1.11.1974
AAA,BBB,25.02.1931
AAA,BBB,6.07.1937
AAA,BBB,11.03.1982
AAA,BBB,24.03.1925
AAA,BBB,11.05.2009
AAA,BBB,20.08.1941
AAA,BBB,24.09.1979
AAA,BBB,10.03.1983
AAA,BBB,27.06.2022
AAA,BBB,2.07.1985
AAA,BBB,9.10.2014
AAA,BBB,10.07.1947
AAA,BBB,17.11.1960
AAA,BBB,20.10.1941
AAA,BBB,25.06.1943
AAA,BBB,3.01.2016
AAA,BBB,10.05.1983
AAA,BBB,25.02.1996
AAA,BBB,15.06.1948
AAA,BBB,15.05.2022
AAA,BBB,7.02.2003
AAA,BBB,19.09.1959
AAA,BBB,11.11.1999
AAA,BBB,8.05.2000
AAA,BBB,16.08.1921
AAA,BBB,12.08.1976
AAA,BBB,4.04.1979
AAA,BBB,28.07.1974
AAA,BBB,21.01.1922
AAA,BBB,17.05.1993
AAA,BBB,30.06.1949
AAA,BBB,4.03.1976
AAA,BBB,24.06.1994
AAA,BBB,15.03.1937
AAA,BBB,19.08.1970
AAA,BBB,30.11.1970
AAA,BBB,31.10.2009
AAA,BBB,28.06.1942
AAA,BBB,7.07.1959
AAA,BBB,15.11.2011
AAA,BBB,2.01.1959
AAA,BBB,6.03.1982
AAA,BBB,5.06.1971
AAA,BBB,15.09.1954
AAA,BBB,1.03.2001
AAA,BBB,20.05.1988
AAA,BBB,12.05.1931
AAA,BBB,7.08.2015
AAA,BBB,28.10.2022
AAA,BBB,20.01.1985
AAA,BBB,24.12.1940
AAA,BBB,29.01.1931
AAA,BBB,19.11.1971
AAA,BBB,17.09.1931
AAA,BBB,21.10.1961
AAA,BBB,16.04.1955
AAA,BBB,12.10.1977
AAA,BBB,1.02.2017
AAA,BBB,20.10.1947
AAA,BBB,24.03.2012
AAA,BBB,24.01.1957
AAA,BBB,16.01.1997
AAA,BBB,7.10.1945
AAA,BBB,10.10.1990
AAA,BBB,17.08.1994
AAA,BBB,25.11.1976
AAA,BBB,22.01.1961
AAA,BBB,5.11.1936
AAA,BBB,16.02.2016
AAA,BBB,1.02.2017
AAA,BBB,5.11.2012
AAA,BBB,26.03.2009
AAA,BBB,15.05.1938
AAA,BBB,18.10.1954
AAA,BBB,13.03.1938
AAA,BBB,13.12.1985
AAA,BBB,14.11.1966
AAA,BBB,17.03.1932
AAA,BBB,8.01.1976
AAA,BBB,8.05.1929
AAA,BBB,1.10.1987
AAA,BBB,31.07.1990
AAA,BBB,13.10.1991
AAA,BBB,14.11.1975
AAA,BBB,20.02.2022
AAA,BBB,5.01.2013
AAA,BBB,29.06.1948
AAA,BBB,13.12.1950
AAA,BBB,12.12.1958
AAA,BBB,20.02.1924
AAA,BBB,28.12.2015
AAA,BBB,20.02.1925
AAA,BBB,26.02.1980
AAA,BBB,15.03.1922
AAA,BBB,21.08.2000
AAA,BBB,21.03.1923
AAA,BBB,24.08.1923
AAA,BBB,17.04.2016
AAA,BBB,7.05.1968
AAA,BBB,19.07.1922
AAA,BBB,7.06.1974
AAA,BBB,24.05.1998
AAA,BBB,18.06.1931
AAA,BBB,29.09.1933
AAA,BBB,17.07.1923
AAA,BBB,26.09.1978
AAA,BBB,21.09.2014
AAA,BBB,1.06.1990
AAA,BBB,3.12.2015
AAA,BBB,2.05.2007
AAA,BBB,9.06.1952
AAA,BBB,7.04.1985
AAA,BBB,11.03.1972
AAA,BBB,22.04.2018
AAA,BBB,26.10.1936
AAA,BBB,4.11.2004
AAA,BBB,31.05.1989
AAA,BBB,9.08.1958
AAA,BBB,18.08.1973
AAA,BBB,21.12.1968
AAA,BBB,8.01.2019
AAA,BBB,4.02.1948
AAA,BBB,29.01.1945
AAA,BBB,13.03.1927
AAA,BBB,16.02.2006
AAA,BBB,19.05.1929
AAA,BBB,29.11.1959
AAA,BBB,5.02.1941
AAA,BBB,9.03.2021
AAA,BBB,2.04.1925
AAA,BBB,25.09.1956
AAA,BBB,26.07.2013
AAA,BBB,8.01.1925
AAA,BBB,4.09.1968
AAA,BBB,31.08.1989
AAA,BBB,1.10.1976
AAA,BBB,15.10.1974
AAA,BBB,5.12.1979
AAA,BBB,17.05.1961
AAA,BBB,24.07.1965
AAA,BBB,3.07.1981
AAA,BBB,14.05.1982
AAA,BBB,26.06.1973
AAA,BBB,22.01.1977
AAA,BBB,26.12.1949
AAA,BBB,18.03.1934
AAA,BBB,11.01.1925
AAA,BBB,17.08.2004
AAA,BBB,19.04.1921
AAA,BBB,28.08.1968
AAA,BBB,31.01.1986
AAA,BBB,24.12.1994
AAA,BBB,11.04.1924
AAA,BBB,1.09.1933
AAA,BBB,9.02.1968
AAA,BBB,3.01.1991
AAA,BBB,25.01.1937
AAA,BBB,25.07.1954
AAA,BBB,2.02.1980
AAA,BBB,30.09.1920
AAA,BBB,30.07.1942
AAA,BBB,14.10.1922
AAA,BBB,18.10.1932
AAA,BBB,8.03.2008
AAA,BBB,6.11.2001
AAA,BBB,1.03.1967
AAA,BBB,8.09.1936
AAA,BBB,22.11.1997
AAA,BBB,25.03.2020
AAA,BBB,26.01.1997
AAA,BBB,12.08.1995
AAA,BBB,20.11.1954
AAA,BBB,22.12.1971
AAA,BBB,8.10.1990
AAA,BBB,12.04.2014
AAA,BBB,12.09.1968
AAA,BBB,24.09.2010
AAA,BBB,25.04.1969
AAA,BBB,7.07.1938
AAA,BBB,15.06.2006
AAA,BBB,28.04.1921
AAA,BBB,4.06.1965
AAA,BBB,19.06.1937
AAA,BBB,12.11.1929
AAA,BBB,7.05.1964
AAA,BBB,31.08.2012
AAA,BBB,22.08.1964
AAA,BBB,24.12.1959
AAA,BBB,11.05.1996
AAA,BBB,23.06.1924
AAA,BBB,23.02.2019
AAA,BBB,7.08.1983
AAA,BBB,14.03.1920
AAA,BBB,29.11.2000
AAA,BBB,10.10.2017
AAA,BBB,27.11.1922
AAA,BBB,26.07.2020
AAA,BBB,25.09.1969
AAA,BBB,23.02.1968
AAA,BBB,8.06.1929
AAA,BBB,15.04.1979
AAA,BBB,13.02.1926
AAA,BBB,10.09.2022
AAA,BBB,13.03.1994
AAA,BBB,16.06.2017
AAA,BBB,21.03.1951
AAA,BBB,1.09.1931
AAA,BBB,23.02.1950
AAA,BBB,29.10.1956
AAA,BBB,7.04.2003
AAA,BBB,26.11.1985
AAA,BBB,19.02.1952
AAA,BBB,10.10.1921
AAA,BBB,16.11.2012
AAA,BBB,1.05.1944
AAA,BBB,14.03.1926
AAA,BBB,1.01.1932
AAA,BBB,21.12.1994
AAA,BBB,12.07.1938
AAA,BBB,25.08.1920
AAA,BBB,26.04.1998
AAA,BBB,15.01.1972
AAA,BBB,12.03.1954
AAA,BBB,2.10.1920
AAA,BBB,11.11.1997
AAA,BBB,9.07.1983
AAA,BBB,1.09.1965
AAA,BBB,1.01.2009
AAA,BBB,21.06.1960
AAA,BBB,9.02.1941
AAA,BBB,4.08.1925
AAA,BBB,7.04.1947
AAA,BBB,2.03.2018
AAA,BBB,12.05.1933
AAA,BBB,18.05.1928
AAA,BBB,27.04.1979
AAA,BBB,28.02.1993
AAA,BBB,20.01.1979
AAA,BBB,30.09.2006
AAA,BBB,1.04.2020
AAA,BBB,28.08.1944
AAA,BBB,17.06.1938
AAA,BBB,21.11.1948
AAA,BBB,5.01.2015
AAA,BBB,29.04.1939
AAA,BBB,18.09.1962
AAA,BBB,14.04.1977
AAA,BBB,22.01.1992
AAA,BBB,5.09.1939
AAA,BBB,10.06.2017
AAA,BBB,2.02.1928
AAA,BBB,17.02.1941
AAA,BBB,4.04.1940
AAA,BBB,6.07.1990
AAA,BBB,19.06.1927
AAA,BBB,7.12.1974
AAA,BBB,21.09.1944
AAA,BBB,23.02.1955
AAA,BBB,10.05.1946
AAA,BBB,30.07.1932
AAA,BBB,13.05.2022
AAA,BBB,3.09.1992
AAA,BBB,26.10.1957
AAA,BBB,26.07.1935
AAA,BBB,3.11.1990
AAA,BBB,21.09.1963
AAA,BBB,5.01.1927
AAA,BBB,23.12.1988
AAA,BBB,7.01.1977
AAA,BBB,7.07.1928
AAA,BBB,18.02.1976
AAA,BBB,14.04.2020
AAA,BBB,9.06.1971
AAA,BBB,12.01.1933
AAA,BBB,20.10.1955
AAA,BBB,4.08.1925
AAA,BBB,5.01.1966
AAA,BBB,20.06.2015
AAA,BBB,30.10.2012
AAA,BBB,10.04.1979
AAA,BBB,18.05.1975
AAA,BBB,7.11.1957
AAA,BBB,11.01.2016
AAA,BBB,13.11.1958
AAA,BBB,19.01.2001
AAA,BBB,26.05.2010
AAA,BBB,23.02.1946
AAA,BBB,23.01.1967
AAA,BBB,15.01.1928
AAA,BBB,19.06.1958
AAA,BBB,2.12.1972
AAA,BBB,30.01.1963
AAA,BBB,2.12.1988
AAA,BBB,2.02.1957
AAA,BBB,7.04.1936
AAA,BBB,27.05.1985
AAA,BBB,9.01.1968
AAA,BBB,28.01.1942
AAA,BBB,25.02.1925
AAA,BBB,17.03.1956
AAA,BBB,9.03.1940
AAA,BBB,9.09.1938
AAA,BBB,21.10.1943
AAA,BBB,28.10.1931
AAA,BBB,20.07.1996
AAA,BBB,25.01.2010
AAA,BBB,25.05.2000
AAA,BBB,17.04.2002
AAA,BBB,13.02.1986
AAA,BBB,8.02.1932
AAA,BBB,20.06.1979
AAA,BBB,18.12.1991
AAA,BBB,13.11.1976
AAA,BBB,18.04.1973
AAA,BBB,1.01.1992
AAA,BBB,15.09.2017
AAA,BBB,17.11.1927
AAA,BBB,27.11.1928
AAA,BBB,11.08.2005
AAA,BBB,18.12.2018
AAA,BBB,16.12.1944
AAA,BBB,3.08.1930
AAA,BBB,30.12.2016
AAA,BBB,13.09.1927
AAA,BBB,12.01.1996
AAA,BBB,6.04.1935
AAA,BBB,17.05.2019
AAA,BBB,5.11.1986
AAA,BBB,13.05.2012
AAA,BBB,25.11.2017
AAA,BBB,7.07.1995
AAA,BBB,17.08.1990
AAA,BBB,14.06.1937
AAA,BBB,21.01.2022
AAA,BBB,6.07.2000
AAA,BBB,8.11.1921
AAA,BBB,19.11.1944
AAA,BBB,14.07.1977
AAA,BBB,16.08.1981
AAA,BBB,15.03.1981
AAA,BBB,20.07.2000
AAA,BBB,10.06.1995
AAA,BBB,20.10.1991
AAA,BBB,9.08.1937
AAA,BBB,10.05.1922
AAA,BBB,26.05.1931
AAA,BBB,2.11.1961
AAA,BBB,29.10.2005
AAA,BBB,21.09.2008
AAA,BBB,9.05.1947
AAA,BBB,24.10.1990
AAA,BBB,15.11.1958
AAA,BBB,29.08.1935
AAA,BBB,29.04.1966
AAA,BBB,30.05.1987
AAA,BBB,15.12.1950
AAA,BBB,13.10.1923
AAA,BBB,16.08.2008
AAA,BBB,2.11.1922
AAA,BBB,23.03.2003
AAA,BBB,27.04.2006
AAA,BBB,20.07.1968
AAA,BBB,23.05.1954
AAA,BBB,4.11.1999
AAA,BBB,6.01.1959
AAA,BBB,22.03.2003
AAA,BBB,18.09.1957
AAA,BBB,21.04.1944
AAA,BBB,30.05.2006
AAA,BBB,11.06.1947
AAA,BBB,17.09.1993
AAA,BBB,7.07.1998
AAA,BBB,8.04.1932
AAA,BBB,6.07.1986
AAA,BBB,9.03.2015
AAA,BBB,10.10.1946
AAA,BBB,2.07.1977
AAA,BBB,27.01.1966
AAA,BBB,23.09.1954
AAA,BBB,27.10.1953
AAA,BBB,29.06.1963
AAA,BBB,23.09.1960
AAA,BBB,9.05.1935
AAA,BBB,23.01.2022
AAA,BBB,26.01.1985
AAA,BBB,11.07.1979
AAA,BBB,19.01.2009
AAA,BBB,10.09.1979
AAA,BBB,5.04.1951
AAA,BBB,10.05.1967
AAA,BBB,21.12.1975
AAA,BBB,17.06.1929
AAA,BBB,6.03.1974
AAA,BBB,20.02.1923
AAA,BBB,12.12.1921
AAA,BBB,20.10.1994
AAA,BBB,9.08.1962
AAA,BBB,27.06.1996
AAA,BBB,5.06.1938
AAA,BBB,15.04.2020
AAA,BBB,8.04.2020
AAA,BBB,2.08.1985
AAA,BBB,6.05.1963
AAA,BBB,24.06.1977
AAA,BBB,7.07.1947
AAA,BBB,7.05.1966
AAA,BBB,6.12.2007
AAA,BBB,17.09.1982
AAA,BBB,21.09.1978
AAA,BBB,8.12.1980
AAA,BBB,25.12.1988
AAA,BBB,29.08.1992
AAA,BBB,14.06.1959
AAA,BBB,11.06.1941
AAA,BBB,16.04.2016
AAA,BBB,19.07.2013
AAA,BBB,26.09.2019
AAA,BBB,17.03.1963
AAA,BBB,11.08.2007
AAA,BBB,24.05.1985
AAA,BBB,14.06.1924
AAA,BBB,22.08.1977
AAA,BBB,12.01.1942
AAA,BBB,6.12.1939
AAA,BBB,13.09.1952
AAA,BBB,24.05.1928
AAA,BBB,19.09.2010
AAA,BBB,27.03.1922
AAA,BBB,1.09.2001
AAA,BBB,23.06.1973
AAA,BBB,26.11.1995
AAA,BBB,2.10.2018
AAA,BBB,6.07.1937
AAA,BBB,18.09.2019
AAA,BBB,29.09.1934
AAA,BBB,3.09.2020
AAA,BBB,28.08.1936
AAA,BBB,24.01.1943
AAA,BBB,7.08.1986
AAA,BBB,7.09.1975
AAA,BBB,20.07.1963
AAA,BBB,23.05.1987
AAA,BBB,4.01.1939
AAA,BBB,10.09.2018
AAA,BBB,17.07.1924
AAA,BBB,22.04.1981
AAA,BBB,6.12.1955
AAA,BBB,21.09.1967
AAA,BBB,15.02.1974
AAA,BBB,10.11.1976
AAA,BBB,2.12.1977
AAA,BBB,28.07.2003
AAA,BBB,24.09.1951
AAA,BBB,7.04.1937
AAA,BBB,3.06.2000
AAA,BBB,10.01.1987
AAA,BBB,3.12.1977
AAA,BBB,13.11.1925
AAA,BBB,22.10.1941
AAA,BBB,31.08.1964
AAA,BBB,24.04.1967
AAA,BBB,15.04.1968
AAA,BBB,26.05.1933
AAA,BBB,25.09.1957
AAA,BBB,11.01.1971
AAA,BBB,21.05.1972
AAA,BBB,2.09.1969
AAA,BBB,29.03.1959
AAA,BBB,28.07.1998
AAA,BBB,21.03.1983
AAA,BBB,6.03.1991
AAA,BBB,25.04.2005
AAA,BBB,29.06.2021
AAA,BBB,25.07.1997
AAA,BBB,29.06.1964
AAA,BBB,15.03.1978
AAA,BBB,17.04.1968
AAA,BBB,2.01.2015
AAA,BBB,31.08.2008
AAA,BBB,30.04.1956
AAA,BBB,25.04.1972
AAA,BBB,2.08.1938
AAA,BBB,27.02.1933
AAA,BBB,15.01.1988
AAA,BBB,16.06.1941
AAA,BBB,16.10.1993
AAA,BBB,4.06.2022
AAA,BBB,24.08.1956
AAA,BBB,27.02.1996
AAA,BBB,29.04.2001
AAA,BBB,31.10.1927
AAA,BBB,27.07.1948
AAA,BBB,23.07.1953
AAA,BBB,30.10.1984
AAA,BBB,13.12.1948
AAA,BBB,4.02.1940
AAA,BBB,21.01.1961
AAA,BBB,27.06.1936
AAA,BBB,14.07.1926
AAA,BBB,22.10.1933
AAA,BBB,19.02.2001
AAA,BBB,4.07.2005
AAA,BBB,15.01.2009
AAA,BBB,1.03.2006
AAA,BBB,2.04.2004
AAA,BBB,9.01.1948
AAA,BBB,5.03.1952
AAA,BBB,14.09.1947
AAA,BBB,17.03.1935
AAA,BBB,29.07.1956
AAA,BBB,29.05.2019
AAA,BBB,4.07.1936
AAA,BBB,25.08.1970
AAA,BBB,7.01.1956
AAA,BBB,19.02.1920
AAA,BBB,15.01.1920
AAA,BBB,15.06.1962
AAA,BBB,26.06.2000
AAA,BBB,8.12.1949
AAA,BBB,17.03.1928
AAA,BBB,14.01.1937
AAA,BBB,7.05.1997
AAA,BBB,28.01.1937
AAA,BBB,3.05.2016
AAA,BBB,14.05.2011
AAA,BBB,15.05.1937
AAA,BBB,3.07.1964
AAA,BBB,5.11.2001
AAA,BBB,27.04.1922
AAA,BBB,10.02.1925
AAA,BBB,6.07.1993
AAA,BBB,4.06.1974
AAA,BBB,30.01.1970
AAA,BBB,20.06.1921
AAA,BBB,2.10.2019
AAA,BBB,1.10.1952
AAA,BBB,9.10.2017
AAA,BBB,22.07.1988
AAA,BBB,8.03.1964
AAA,BBB,24.09.1948
AAA,BBB,7.06.1953
AAA,BBB,15.02.1989
AAA,BBB,2.01.1997
AAA,BBB,30.09.1956
AAA,BBB,1.09.1949
AAA,BBB,18.02.2020
AAA,BBB,3.12.1974
AAA,BBB,7.09.1936
AAA,BBB,17.07.1949
AAA,BBB,12.06.1988
AAA,BBB,17.12.1971
AAA,BBB,1.11.1948
AAA,BBB,16.08.2019
AAA,BBB,29.06.1953
AAA,BBB,5.03.1954
AAA,BBB,29.09.1958
AAA,BBB,1.08.2003
AAA,BBB,26.12.1933
AAA,BBB,4.12.1968
AAA,BBB,16.10.2007
AAA,BBB,4.09.1988
AAA,BBB,23.11.2007
AAA,BBB,7.08.1959
AAA,BBB,3.11.1940
AAA,BBB,17.08.1977
AAA,BBB,28.05.1920
AAA,BBB,16.12.1966
AAA,BBB,16.01.1942
AAA,BBB,14.02.1968
AAA,BBB,20.03.1959
AAA,BBB,4.06.2008
AAA,BBB,1.07.1949
AAA,BBB,8.05.1924
AAA,BBB,13.12.1953
AAA,BBB,26.03.1988
AAA,BBB,15.08.1942
AAA,BBB,21.01.1966
AAA,BBB,25.09.1930
AAA,BBB,14.03.1942
AAA,BBB,2.09.1990
AAA,BBB,23.03.1999
AAA,BBB,18.01.2003
AAA,BBB,10.02.1944
AAA,BBB,16.10.1948
AAA,BBB,13.05.1975
AAA,BBB,12.11.1987
AAA,BBB,3.10.1996
AAA,BBB,22.06.1992
AAA,BBB,29.09.2017
AAA,BBB,22.09.1992
AAA,BBB,1.05.1969
AAA,BBB,25.12.1938
AAA,BBB,29.01.1976
AAA,BBB,20.10.1964
AAA,BBB,21.10.2014
AAA,BBB,4.04.2000
AAA,BBB,4.05.1989
AAA,BBB,2.07.2020
AAA,BBB,11.03.2004
AAA,BBB,7.10.1939
AAA,BBB,28.04.2009
AAA,BBB,8.05.1964
AAA,BBB,9.04.1952
AAA,BBB,18.04.1962
AAA,BBB,30.04.1944
AAA,BBB,30.12.1940
AAA,BBB,24.03.1945
AAA,BBB,21.01.2019
AAA,BBB,20.02.2002
AAA,BBB,18.02.1957
AAA,BBB,22.05.1954
AAA,BBB,30.08.1929
AAA,BBB,21.01.1975
AAA,BBB,9.02.1970
AAA,BBB,26.05.1968
AAA,BBB,8.02.1972
AAA,BBB,8.11.1940
AAA,BBB,2.07.1988
AAA,BBB,18.12.1934
AAA,BBB,4.03.1951
AAA,BBB,22.06.1952
AAA,BBB,6.11.1929
AAA,BBB,1.11.1981
AAA,BBB,16.02.1946
AAA,BBB,23.06.1949
AAA,BBB,3.06.1966
AAA,BBB,22.07.1939
AAA,BBB,14.03.1956
AAA,BBB,26.03.1987
AAA,BBB,15.09.1997
AAA,BBB,13.05.1975
AAA,BBB,27.07.1986
AAA,BBB,22.09.1991
AAA,BBB,20.09.1975
AAA,BBB,11.10.1994
AAA,BBB,21.12.1969
AAA,BBB,22.01.1925
AAA,BBB,10.10.1959
AAA,BBB,18.08.1940
AAA,BBB,21.07.1975
AAA,BBB,23.07.1993
AAA,BBB,26.07.1949
AAA,BBB,3.06.1975
AAA,BBB,26.11.1956
AAA,BBB,23.01.1954
AAA,BBB,1.05.1947
AAA,BBB,21.04.1961
AAA,BBB,4.02.1986
AAA,BBB,8.10.1926
AAA,BBB,30.03.1927
AAA,BBB,26.05.1942
AAA,BBB,3.01.1930
AAA,BBB,26.10.2019
AAA,BBB,26.07.1933
AAA,BBB,17.05.1925
AAA,BBB,23.05.1943
AAA,BBB,23.04.1959
AAA,BBB,23.02.1979
AAA,BBB,13.08.1989
AAA,BBB,20.09.1978
AAA,BBB,11.07.1996
AAA,BBB,13.01.2012
AAA,BBB,2.05.1972
AAA,BBB,6.07.1920
AAA,BBB,9.09.1984
AAA,BBB,18.10.2021
